{
  "" : {
    "transaction" : "",
    "sampleCount" : 500,
    "errorCount" : 500,
    "errorPct" : 100.0,
    "meanResTime" : 0.0,
    "medianResTime" : 0.0,
    "minResTime" : 0.0,
    "maxResTime" : 0.0,
    "pct1ResTime" : 0.0,
    "pct2ResTime" : 0.0,
    "pct3ResTime" : 0.0,
    "throughput" : 139.70382788488405,
    "receivedKBytesPerSec" : 119.23939997205923,
    "sentKBytesPerSec" : 0.0
  },
  "feed" : {
    "transaction" : "feed",
    "sampleCount" : 500,
    "errorCount" : 249,
    "errorPct" : 49.8,
    "meanResTime" : 1242.886,
    "medianResTime" : 971.5,
    "minResTime" : 332.0,
    "maxResTime" : 3902.0,
    "pct1ResTime" : 2299.0,
    "pct2ResTime" : 2431.8,
    "pct3ResTime" : 3828.99,
    "throughput" : 127.8118609406953,
    "receivedKBytesPerSec" : 245.5136039749489,
    "sentKBytesPerSec" : 31.20406761247444
  },
  "HomePage" : {
    "transaction" : "HomePage",
    "sampleCount" : 500,
    "errorCount" : 500,
    "errorPct" : 100.0,
    "meanResTime" : 3316.339999999998,
    "medianResTime" : 3300.0,
    "minResTime" : 2412.0,
    "maxResTime" : 5754.0,
    "pct1ResTime" : 3742.9,
    "pct2ResTime" : 3846.85,
    "pct3ResTime" : 5083.2400000000025,
    "throughput" : 84.26019548365352,
    "receivedKBytesPerSec" : 161.52613645938658,
    "sentKBytesPerSec" : 19.913054010785306
  },
  "HomePage-0" : {
    "transaction" : "HomePage-0",
    "sampleCount" : 500,
    "errorCount" : 17,
    "errorPct" : 3.4,
    "meanResTime" : 481.72999999999973,
    "medianResTime" : 399.0,
    "minResTime" : 322.0,
    "maxResTime" : 1569.0,
    "pct1ResTime" : 786.9000000000001,
    "pct2ResTime" : 943.3999999999999,
    "pct3ResTime" : 1051.8500000000001,
    "throughput" : 310.9452736318408,
    "receivedKBytesPerSec" : 112.35327269900498,
    "sentKBytesPerSec" : 36.74255674751244
  },
  "HomePage-1" : {
    "transaction" : "HomePage-1",
    "sampleCount" : 500,
    "errorCount" : 500,
    "errorPct" : 100.0,
    "meanResTime" : 2802.2379999999994,
    "medianResTime" : 2801.0,
    "minResTime" : 1475.0,
    "maxResTime" : 5379.0,
    "pct1ResTime" : 3263.8,
    "pct2ResTime" : 3372.0,
    "pct3ResTime" : 4603.340000000004,
    "throughput" : 90.5961224859576,
    "receivedKBytesPerSec" : 140.9371319532524,
    "sentKBytesPerSec" : 10.705205879688348
  },
  "Total" : {
    "transaction" : "Total",
    "sampleCount" : 3500,
    "errorCount" : 1960,
    "errorPct" : 56.0,
    "meanResTime" : 1297.9517142857137,
    "medianResTime" : 587.0,
    "minResTime" : 0.0,
    "maxResTime" : 5754.0,
    "pct1ResTime" : 3254.9,
    "pct2ResTime" : 3558.95,
    "pct3ResTime" : 3845.9799999999996,
    "throughput" : 453.54412336400156,
    "receivedKBytesPerSec" : 552.6303534404561,
    "sentKBytesPerSec" : 62.261079435013606
  },
  "feed-0" : {
    "transaction" : "feed-0",
    "sampleCount" : 500,
    "errorCount" : 156,
    "errorPct" : 31.2,
    "meanResTime" : 829.5059999999995,
    "medianResTime" : 363.0,
    "minResTime" : 159.0,
    "maxResTime" : 3748.0,
    "pct1ResTime" : 1740.8000000000002,
    "pct2ResTime" : 2246.8,
    "pct3ResTime" : 3674.95,
    "throughput" : 133.04949441192124,
    "receivedKBytesPerSec" : 48.59424893560404,
    "sentKBytesPerSec" : 16.24139336083023
  },
  "feed-1" : {
    "transaction" : "feed-1",
    "sampleCount" : 500,
    "errorCount" : 38,
    "errorPct" : 7.6,
    "meanResTime" : 412.9619999999996,
    "medianResTime" : 224.0,
    "minResTime" : 148.0,
    "maxResTime" : 1949.0,
    "pct1ResTime" : 876.6000000000001,
    "pct2ResTime" : 1115.95,
    "pct3ResTime" : 1586.0,
    "throughput" : 133.2267519317879,
    "receivedKBytesPerSec" : 207.2560701438849,
    "sentKBytesPerSec" : 16.26303124167333
  }
}