{
  "" : {
    "transaction" : "",
    "sampleCount" : 1200,
    "errorCount" : 1200,
    "errorPct" : 100.0,
    "meanResTime" : 0.0,
    "medianResTime" : 0.0,
    "minResTime" : 0.0,
    "maxResTime" : 0.0,
    "pct1ResTime" : 0.0,
    "pct2ResTime" : 0.0,
    "pct3ResTime" : 0.0,
    "throughput" : 92.92960582358863,
    "receivedKBytesPerSec" : 79.3168705955239,
    "sentKBytesPerSec" : 0.0
  },
  "feed" : {
    "transaction" : "feed",
    "sampleCount" : 1200,
    "errorCount" : 852,
    "errorPct" : 71.0,
    "meanResTime" : 1629.3416666666672,
    "medianResTime" : 666.0,
    "minResTime" : 0.0,
    "maxResTime" : 12084.0,
    "pct1ResTime" : 4250.9000000000015,
    "pct2ResTime" : 5842.700000000001,
    "pct3ResTime" : 8727.410000000002,
    "throughput" : 87.90564793788002,
    "receivedKBytesPerSec" : 169.9831113563109,
    "sentKBytesPerSec" : 19.297321395868433
  },
  "HomePage" : {
    "transaction" : "HomePage",
    "sampleCount" : 1200,
    "errorCount" : 1200,
    "errorPct" : 100.0,
    "meanResTime" : 6187.418333333333,
    "medianResTime" : 5235.0,
    "minResTime" : 2514.0,
    "maxResTime" : 14781.0,
    "pct1ResTime" : 9453.1,
    "pct2ResTime" : 10537.550000000001,
    "pct3ResTime" : 13001.110000000002,
    "throughput" : 79.23930269413628,
    "receivedKBytesPerSec" : 156.28920694664552,
    "sentKBytesPerSec" : 16.650958093964608
  },
  "HomePage-0" : {
    "transaction" : "HomePage-0",
    "sampleCount" : 1079,
    "errorCount" : 0,
    "errorPct" : 0.0,
    "meanResTime" : 1908.5236329935115,
    "medianResTime" : 1511.0,
    "minResTime" : 345.0,
    "maxResTime" : 10967.0,
    "pct1ResTime" : 2881.0,
    "pct2ResTime" : 8564.0,
    "pct3ResTime" : 9740.60000000001,
    "throughput" : 92.85714285714286,
    "receivedKBytesPerSec" : 33.55189732142858,
    "sentKBytesPerSec" : 10.972377232142858
  },
  "HomePage-1" : {
    "transaction" : "HomePage-1",
    "sampleCount" : 1079,
    "errorCount" : 24,
    "errorPct" : 2.2242818,
    "meanResTime" : 4476.419833178868,
    "medianResTime" : 3944.0,
    "minResTime" : 469.0,
    "maxResTime" : 13278.0,
    "pct1ResTime" : 7892.0,
    "pct2ResTime" : 9855.0,
    "pct3ResTime" : 11995.000000000016,
    "throughput" : 73.39137532308528,
    "receivedKBytesPerSec" : 117.61533560484968,
    "sentKBytesPerSec" : 8.47932838644402
  },
  "Total" : {
    "transaction" : "Total",
    "sampleCount" : 7916,
    "errorCount" : 3276,
    "errorPct" : 41.384537,
    "meanResTime" : 2300.414982314297,
    "medianResTime" : 844.0,
    "minResTime" : 0.0,
    "maxResTime" : 14781.0,
    "pct1ResTime" : 6683.3,
    "pct2ResTime" : 8447.3,
    "pct3ResTime" : 10707.599999999999,
    "throughput" : 444.91906474820144,
    "receivedKBytesPerSec" : 556.6099976464141,
    "sentKBytesPerSec" : 57.95749142873201
  },
  "feed-0" : {
    "transaction" : "feed-0",
    "sampleCount" : 1079,
    "errorCount" : 0,
    "errorPct" : 0.0,
    "meanResTime" : 1101.2122335495842,
    "medianResTime" : 308.0,
    "minResTime" : 151.0,
    "maxResTime" : 11843.0,
    "pct1ResTime" : 2947.0,
    "pct2ResTime" : 4840.0,
    "pct3ResTime" : 7238.200000000004,
    "throughput" : 85.60095200317335,
    "receivedKBytesPerSec" : 31.26441020428401,
    "sentKBytesPerSec" : 10.44933496132487
  },
  "feed-1" : {
    "transaction" : "feed-1",
    "sampleCount" : 1079,
    "errorCount" : 0,
    "errorPct" : 0.0,
    "meanResTime" : 697.3225208526427,
    "medianResTime" : 243.0,
    "minResTime" : 150.0,
    "maxResTime" : 9036.0,
    "pct1ResTime" : 1610.0,
    "pct2ResTime" : 2978.0,
    "pct3ResTime" : 7155.600000000017,
    "throughput" : 80.42635658914729,
    "receivedKBytesPerSec" : 125.1163926235465,
    "sentKBytesPerSec" : 9.817670482073643
  }
}