{
  "" : {
    "transaction" : "",
    "sampleCount" : 5000,
    "errorCount" : 5000,
    "errorPct" : 100.0,
    "meanResTime" : 0.0,
    "medianResTime" : 0.0,
    "minResTime" : 0.0,
    "maxResTime" : 0.0,
    "pct1ResTime" : 0.0,
    "pct2ResTime" : 0.0,
    "pct3ResTime" : 0.0,
    "throughput" : 126.26900348502448,
    "receivedKBytesPerSec" : 107.77256742764786,
    "sentKBytesPerSec" : 0.0
  },
  "feed" : {
    "transaction" : "feed",
    "sampleCount" : 5000,
    "errorCount" : 1338,
    "errorPct" : 26.76,
    "meanResTime" : 1243.9747999999972,
    "medianResTime" : 494.0,
    "minResTime" : 0.0,
    "maxResTime" : 25317.0,
    "pct1ResTime" : 2791.6000000000076,
    "pct2ResTime" : 4446.9,
    "pct3ResTime" : 11206.669999999993,
    "throughput" : 125.20345561537499,
    "receivedKBytesPerSec" : 241.98103656723424,
    "sentKBytesPerSec" : 29.35373008482534
  },
  "HomePage" : {
    "transaction" : "HomePage",
    "sampleCount" : 5000,
    "errorCount" : 2142,
    "errorPct" : 42.84,
    "meanResTime" : 2201.800199999997,
    "medianResTime" : 943.0,
    "minResTime" : 0.0,
    "maxResTime" : 22811.0,
    "pct1ResTime" : 5644.600000000008,
    "pct2ResTime" : 7610.849999999999,
    "pct3ResTime" : 11428.97,
    "throughput" : 115.46810770865088,
    "receivedKBytesPerSec" : 223.3651835870745,
    "sentKBytesPerSec" : 26.783526706329962
  },
  "HomePage-0" : {
    "transaction" : "HomePage-0",
    "sampleCount" : 4939,
    "errorCount" : 944,
    "errorPct" : 19.11318,
    "meanResTime" : 916.2972261591412,
    "medianResTime" : 313.0,
    "minResTime" : 142.0,
    "maxResTime" : 20493.0,
    "pct1ResTime" : 2144.0,
    "pct2ResTime" : 3241.0,
    "pct3ResTime" : 8375.000000000025,
    "throughput" : 114.44792028733634,
    "receivedKBytesPerSec" : 41.3532524475727,
    "sentKBytesPerSec" : 13.52363120582783
  },
  "HomePage-1" : {
    "transaction" : "HomePage-1",
    "sampleCount" : 4939,
    "errorCount" : 1248,
    "errorPct" : 25.268272,
    "meanResTime" : 1257.433286090298,
    "medianResTime" : 242.0,
    "minResTime" : 0.0,
    "maxResTime" : 22345.0,
    "pct1ResTime" : 4027.0,
    "pct2ResTime" : 5207.0,
    "pct3ResTime" : 8763.6,
    "throughput" : 115.49704183523139,
    "receivedKBytesPerSec" : 181.52703563828544,
    "sentKBytesPerSec" : 13.473516094520965
  },
  "Total" : {
    "transaction" : "Total",
    "sampleCount" : 34518,
    "errorCount" : 11505,
    "errorPct" : 33.330437,
    "meanResTime" : 981.7321687235631,
    "medianResTime" : 228.0,
    "minResTime" : 0.0,
    "maxResTime" : 25317.0,
    "pct1ResTime" : 1542.0,
    "pct2ResTime" : 4000.9500000000007,
    "pct3ResTime" : 10968.950000000008,
    "throughput" : 790.3920131892288,
    "receivedKBytesPerSec" : 971.9131170644235,
    "sentKBytesPerSec" : 106.79710040185932
  },
  "feed-0" : {
    "transaction" : "feed-0",
    "sampleCount" : 4820,
    "errorCount" : 441,
    "errorPct" : 9.149378,
    "meanResTime" : 643.0860995850637,
    "medianResTime" : 224.0,
    "minResTime" : 142.0,
    "maxResTime" : 25110.0,
    "pct1ResTime" : 1138.0,
    "pct2ResTime" : 2300.399999999998,
    "pct3ResTime" : 7996.889999999997,
    "throughput" : 121.37389202256244,
    "receivedKBytesPerSec" : 44.32991759417808,
    "sentKBytesPerSec" : 14.816148928535455
  },
  "feed-1" : {
    "transaction" : "feed-1",
    "sampleCount" : 4820,
    "errorCount" : 392,
    "errorPct" : 8.13278,
    "meanResTime" : 585.6485477178409,
    "medianResTime" : 221.0,
    "minResTime" : 0.0,
    "maxResTime" : 17148.0,
    "pct1ResTime" : 1025.800000000001,
    "pct2ResTime" : 2075.199999999997,
    "pct3ResTime" : 7048.1699999999955,
    "throughput" : 121.23346244780925,
    "receivedKBytesPerSec" : 189.50826818659135,
    "sentKBytesPerSec" : 14.685404313282861
  }
}