{
  "" : {
    "transaction" : "",
    "sampleCount" : 5000,
    "errorCount" : 5000,
    "errorPct" : 100.0,
    "meanResTime" : 0.0,
    "medianResTime" : 0.0,
    "minResTime" : 0.0,
    "maxResTime" : 0.0,
    "pct1ResTime" : 0.0,
    "pct2ResTime" : 0.0,
    "pct3ResTime" : 0.0,
    "throughput" : 170.5960626428742,
    "receivedKBytesPerSec" : 145.60640502917192,
    "sentKBytesPerSec" : 0.0
  },
  "feed" : {
    "transaction" : "feed",
    "sampleCount" : 5000,
    "errorCount" : 1660,
    "errorPct" : 33.2,
    "meanResTime" : 932.4294000000016,
    "medianResTime" : 419.0,
    "minResTime" : 18.0,
    "maxResTime" : 18448.0,
    "pct1ResTime" : 1591.4000000000033,
    "pct2ResTime" : 3237.29999999999,
    "pct3ResTime" : 9831.029999999979,
    "throughput" : 146.72653109135194,
    "receivedKBytesPerSec" : 281.95480318469936,
    "sentKBytesPerSec" : 35.6141399440972
  },
  "HomePage" : {
    "transaction" : "HomePage",
    "sampleCount" : 5000,
    "errorCount" : 2286,
    "errorPct" : 45.72,
    "meanResTime" : 2889.972800000002,
    "medianResTime" : 439.0,
    "minResTime" : 287.0,
    "maxResTime" : 27946.0,
    "pct1ResTime" : 9074.7,
    "pct2ResTime" : 12679.999999999996,
    "pct3ResTime" : 22313.98,
    "throughput" : 139.60241232968508,
    "receivedKBytesPerSec" : 268.3625978525659,
    "sentKBytesPerSec" : 32.92269320101351
  },
  "HomePage-0" : {
    "transaction" : "HomePage-0",
    "sampleCount" : 4996,
    "errorCount" : 1272,
    "errorPct" : 25.46037,
    "meanResTime" : 561.5308246597269,
    "medianResTime" : 213.0,
    "minResTime" : 141.0,
    "maxResTime" : 15653.0,
    "pct1ResTime" : 1016.0,
    "pct2ResTime" : 1546.1499999999996,
    "pct3ResTime" : 7227.539999999995,
    "throughput" : 140.0734572574088,
    "receivedKBytesPerSec" : 50.612479673087165,
    "sentKBytesPerSec" : 16.551648757955533
  },
  "HomePage-1" : {
    "transaction" : "HomePage-1",
    "sampleCount" : 4996,
    "errorCount" : 1632,
    "errorPct" : 32.666134,
    "meanResTime" : 2319.1170936749445,
    "medianResTime" : 212.0,
    "minResTime" : 142.0,
    "maxResTime" : 27011.0,
    "pct1ResTime" : 8235.300000000007,
    "pct2ResTime" : 11681.049999999997,
    "pct3ResTime" : 21725.03,
    "throughput" : 141.5899107269378,
    "receivedKBytesPerSec" : 221.00858965388977,
    "sentKBytesPerSec" : 16.687304050942327
  },
  "Total" : {
    "transaction" : "Total",
    "sampleCount" : 34934,
    "errorCount" : 13536,
    "errorPct" : 38.747353,
    "meanResTime" : 1091.3873303944674,
    "medianResTime" : 204.0,
    "minResTime" : 0.0,
    "maxResTime" : 27946.0,
    "pct1ResTime" : 846.9000000000015,
    "pct2ResTime" : 4503.0,
    "pct3ResTime" : 17382.400000000256,
    "throughput" : 966.6030270330097,
    "receivedKBytesPerSec" : 1179.815065688899,
    "sentKBytesPerSec" : 132.41372549528236
  },
  "feed-0" : {
    "transaction" : "feed-0",
    "sampleCount" : 4971,
    "errorCount" : 893,
    "errorPct" : 17.964191,
    "meanResTime" : 501.41078253872433,
    "medianResTime" : 207.0,
    "minResTime" : 141.0,
    "maxResTime" : 18299.0,
    "pct1ResTime" : 785.0,
    "pct2ResTime" : 1620.599999999995,
    "pct3ResTime" : 6437.5999999999885,
    "throughput" : 146.63716814159292,
    "receivedKBytesPerSec" : 53.5569344579646,
    "sentKBytesPerSec" : 17.900044939159294
  },
  "feed-1" : {
    "transaction" : "feed-1",
    "sampleCount" : 4971,
    "errorCount" : 793,
    "errorPct" : 15.952524,
    "meanResTime" : 428.54234560450686,
    "medianResTime" : 204.0,
    "minResTime" : 141.0,
    "maxResTime" : 17418.0,
    "pct1ResTime" : 640.0,
    "pct2ResTime" : 1013.9999999999964,
    "pct3ResTime" : 6189.799999999978,
    "throughput" : 147.30634741895335,
    "receivedKBytesPerSec" : 229.15919085780536,
    "sentKBytesPerSec" : 17.981731862665203
  }
}