{
  "feed" : {
    "transaction" : "feed",
    "sampleCount" : 400,
    "errorCount" : 0,
    "errorPct" : 0.0,
    "meanResTime" : 338.8575,
    "medianResTime" : 330.0,
    "minResTime" : 290.0,
    "maxResTime" : 466.0,
    "pct1ResTime" : 434.70000000000044,
    "pct2ResTime" : 451.0,
    "pct3ResTime" : 465.0,
    "throughput" : 148.47809948032665,
    "receivedKBytesPerSec" : 285.211349294729,
    "sentKBytesPerSec" : 36.24953600593913
  },
  "HomePage" : {
    "transaction" : "HomePage",
    "sampleCount" : 400,
    "errorCount" : 100,
    "errorPct" : 25.0,
    "meanResTime" : 553.4824999999998,
    "medianResTime" : 343.0,
    "minResTime" : 301.0,
    "maxResTime" : 1617.0,
    "pct1ResTime" : 1348.2000000000007,
    "pct2ResTime" : 1451.85,
    "pct3ResTime" : 1522.97,
    "throughput" : 108.10810810810811,
    "receivedKBytesPerSec" : 207.24239864864865,
    "sentKBytesPerSec" : 25.548986486486484
  },
  "HomePage-0" : {
    "transaction" : "HomePage-0",
    "sampleCount" : 400,
    "errorCount" : 0,
    "errorPct" : 0.0,
    "meanResTime" : 205.42249999999981,
    "medianResTime" : 168.0,
    "minResTime" : 146.0,
    "maxResTime" : 373.0,
    "pct1ResTime" : 319.0,
    "pct2ResTime" : 368.0,
    "pct3ResTime" : 372.0,
    "throughput" : 112.67605633802818,
    "receivedKBytesPerSec" : 40.71302816901409,
    "sentKBytesPerSec" : 13.314260563380282
  },
  "HomePage-1" : {
    "transaction" : "HomePage-1",
    "sampleCount" : 400,
    "errorCount" : 98,
    "errorPct" : 24.5,
    "meanResTime" : 347.4600000000002,
    "medianResTime" : 174.0,
    "minResTime" : 146.0,
    "maxResTime" : 1245.0,
    "pct1ResTime" : 1028.0,
    "pct2ResTime" : 1098.95,
    "pct3ResTime" : 1158.93,
    "throughput" : 120.33694344163658,
    "receivedKBytesPerSec" : 187.20385830324912,
    "sentKBytesPerSec" : 14.219502105896511
  },
  "Total" : {
    "transaction" : "Total",
    "sampleCount" : 2400,
    "errorCount" : 198,
    "errorPct" : 8.25,
    "meanResTime" : 297.3254166666661,
    "medianResTime" : 180.0,
    "minResTime" : 144.0,
    "maxResTime" : 1617.0,
    "pct1ResTime" : 434.7000000000012,
    "pct2ResTime" : 977.5999999999985,
    "pct3ResTime" : 1437.9399999999987,
    "throughput" : 578.8712011577423,
    "receivedKBytesPerSec" : 740.5481186685962,
    "sentKBytesPerSec" : 92.70984081041968
  },
  "feed-0" : {
    "transaction" : "feed-0",
    "sampleCount" : 400,
    "errorCount" : 0,
    "errorPct" : 0.0,
    "meanResTime" : 161.71249999999992,
    "medianResTime" : 160.5,
    "minResTime" : 144.0,
    "maxResTime" : 284.0,
    "pct1ResTime" : 173.0,
    "pct2ResTime" : 178.0,
    "pct3ResTime" : 187.0,
    "throughput" : 158.73015873015873,
    "receivedKBytesPerSec" : 57.973710317460316,
    "sentKBytesPerSec" : 19.37624007936508
  },
  "feed-1" : {
    "transaction" : "feed-1",
    "sampleCount" : 400,
    "errorCount" : 0,
    "errorPct" : 0.0,
    "meanResTime" : 177.01750000000007,
    "medianResTime" : 165.0,
    "minResTime" : 144.0,
    "maxResTime" : 301.0,
    "pct1ResTime" : 271.0,
    "pct2ResTime" : 286.0,
    "pct3ResTime" : 300.0,
    "throughput" : 157.0475068708284,
    "receivedKBytesPerSec" : 244.3131625441696,
    "sentKBytesPerSec" : 19.170838241067923
  }
}